accountId|createTime|isBlocked|accoutType|nickname|phonenum|email|freqLoginType|lastLoginTime|accountLevel
101|1970-01-01 00:00:00.5|false|internet account|a101|||||
102|1970-01-01 00:00:00.51|false|debit card|a102|||||
103|1970-01-01 00:00:00.52|true|credit card|a103|||||
104|1970-01-01 00:00:00.53|false|brokerage account|a104|||||
105|1970-01-01 00:00:00.54|false|internet account|a105|||||
106|1970-01-01 00:00:00.55|false|internet account|a106|||||
107|1970-01-01 00:00:00.56|false|internet account|a107|||||
108|1970-01-01 00:00:00.57|false|internet account|a108|||||
109|1970-01-01 00:00:00.58|false|internet account|a109|||||
110|1970-01-01 00:00:00.59|false|internet account|a110|||||
111|1970-01-01 00:00:00.6|false|internet account|a111|||||
112|1970-01-01 00:00:00.61|false|internet account|a112|||||
120|1970-01-01 00:00:00.62|true|debit card|a120|||||
121|1970-01-01 00:00:00.63|false|internet account|a121|||||
122|1970-01-01 00:00:00.64|false|internet account|a122|||||
123|1970-01-01 00:00:00.65|false|internet account|a123|||||
124|1970-01-01 00:00:00.66|false|internet account|a124|||||
125|1970-01-01 00:00:00.67|false|internet account|a125|||||
126|1970-01-01 00:00:00.68|false|internet account|a126|||||
127|1970-01-01 00:00:00.69|false|internet account|a127|||||
128|1970-01-01 00:00:00.7|false|internet account|a128|||||
130|1970-01-01 00:00:00.71|false|internet account|a130|||||
131|1970-01-01 00:00:00.72|false|internet account|a131|||||
132|1970-01-01 00:00:00.73|false|internet account|a132|||||
133|1970-01-01 00:00:00.74|false|internet account|a133|||||
134|1970-01-01 00:00:00.75|false|internet account|a134|||||
135|1970-01-01 00:00:00.76|false|internet account|a135|||||
136|1970-01-01 00:00:00.77|false|internet account|a136|||||
137|1970-01-01 00:00:00.78|false|internet account|a137|||||
138|1970-01-01 00:00:00.79|false|internet account|a138|||||
139|1970-01-01 00:00:00.8|false|internet account|a139|||||
140|1970-01-01 00:00:00.81|false|internet account|a140|||||
141|1970-01-01 00:00:00.82|false|internet account|a141|||||
142|1970-01-01 00:00:00.83|false|internet account|a142|||||
143|1970-01-01 00:00:00.84|false|internet account|a143|||||
144|1970-01-01 00:00:00.85|false|internet account|a144|||||
145|1970-01-01 00:00:00.86|false|internet account|a145|||||
146|1970-01-01 00:00:00.87|false|internet account|a146|||||
147|1970-01-01 00:00:00.88|false|internet account|a147|||||
150|1970-01-01 00:00:00.89|false|debit card|a150|||||
151|1970-01-01 00:00:00.9|false|internet account|a151|||||
152|1970-01-01 00:00:00.91|false|internet account|a152|||||
153|1970-01-01 00:00:00.92|false|internet account|a153|||||
154|1970-01-01 00:00:00.93|false|internet account|a154|||||
155|1970-01-01 00:00:00.94|false|internet account|a155|||||
156|1970-01-01 00:00:00.95|false|internet account|a156|||||
157|1970-01-01 00:00:00.96|false|internet account|a157|||||
158|1970-01-01 00:00:00.97|false|internet account|a158|||||
159|1970-01-01 00:00:00.98|false|internet account|a159|||||
160|1970-01-01 00:00:00.99|false|merchant account|a160|||||
165|1970-01-01 00:00:01|false|internet account|a165|||||
166|1970-01-01 00:00:01.01|false|internet account|a166|||||
167|1970-01-01 00:00:01.02|false|internet account|a167|||||
168|1970-01-01 00:00:01.03|false|internet account|a168|||||
169|1970-01-01 00:00:01.04|false|internet account|a169|||||
170|1970-01-01 00:00:01.05|false|internet account|a170|||||
171|1970-01-01 00:00:01.06|false|internet account|a171|||||
175|1970-01-01 00:00:01.07|false|internet account|a175|||||
176|1970-01-01 00:00:01.08|false|internet account|a176|||||
177|1970-01-01 00:00:01.09|false|internet account|a177|||||
178|1970-01-01 00:00:01.1|false|internet account|a178|||||
179|1970-01-01 00:00:01.11|false|debit card|a179|||||
180|1970-01-01 00:00:01.12|false|internet account|a180|||||
181|1970-01-01 00:00:01.13|false|internet account|a181|||||
182|1970-01-01 00:00:01.14|false|internet account|a182|||||
183|1970-01-01 00:00:01.15|false|internet account|a183|||||
185|1970-01-01 00:00:01.16|false|internet account|a185|||||
186|1970-01-01 00:00:01.17|true|internet account|a186|||||
187|1970-01-01 00:00:01.18|false|internet account|a187|||||
188|1970-01-01 00:00:01.19|true|internet account|a188|||||
189|1970-01-01 00:00:01.2|false|internet account|a189|||||
190|1970-01-01 00:00:01.21|false|internet account|a190|||||
191|1970-01-01 00:00:01.22|false|internet account|a191|||||
192|1970-01-01 00:00:01.23|false|corporate account|a192|||||
193|1970-01-01 00:00:01.24|false|corporate account|a193|||||
194|1970-01-01 00:00:01.25|false|internet account|a194|||||
195|1970-01-01 00:00:01.26|true|internet account|a195|||||
196|1970-01-01 00:00:01.27|true|internet account|a196|||||
197|1970-01-01 00:00:01.28|false|internet account|a197|||||
198|1970-01-01 00:00:01.29|true|internet account|a198|||||
199|1970-01-01 00:00:01.3|false|internet account|a199|||||
