fromId|toId|amount|createTime|orderNum|comment|payType|goodsType
101|102|10.0|1970-01-01 00:00:01.1||||
101|103|10.0|1970-01-01 00:00:01.2||||
101|104|10.0|1970-01-01 00:00:01.3||||
101|105|10.0|1970-01-01 00:00:01.05||||
101|112|10.0|1970-01-01 00:00:01.1||||
102|106|10.0|1970-01-01 00:00:01.15||||
102|107|10.0|1970-01-01 00:00:01.05||||
103|106|10.0|1970-01-01 00:00:01.25||||
103|102|10.0|1970-01-01 00:00:01.15||||
106|108|10.0|1970-01-01 00:00:01.4||||
104|109|10.0|1970-01-01 00:00:02||||
104|110|10.0|1970-01-01 00:00:01.35||||
108|111|10.0|1970-01-01 00:00:01.5||||
105|108|10.0|1970-01-01 00:00:01.06||||
122|120|10.0|1970-01-01 00:00:01.5||||
123|122|10.0|1970-01-01 00:00:01.4||||
124|123|10.0|1970-01-01 00:00:01.45||||
124|123|10.0|1970-01-01 00:00:01.3||||
125|120|10.0|1970-01-01 00:00:01.6||||
125|120|10.0|1970-01-01 00:00:01.7||||
126|121|10.0|1970-01-01 00:00:01.1||||
127|126|10.0|1970-01-01 00:00:02.1||||
128|120|10.0|1970-01-01 00:00:01.2||||
130|131|10.0|1970-01-01 00:00:01.1||||
131|133|10.0|1970-01-01 00:00:02.5||||
131|132|10.0|1970-01-01 00:00:01.2||||
132|133|10.0|1970-01-01 00:00:01.3||||
135|136|1.0|1970-01-01 00:00:01.1||||
136|137|10.0|1970-01-01 00:00:01.2||||
136|137|20.5|1970-01-01 00:00:01.3||||
137|135|30.0|1970-01-01 00:00:01.25||||
137|135|99.0|1970-01-01 00:00:02.5||||
136|138|5.0|1970-01-01 00:00:01.21||||
138|135|30.0|1970-01-01 00:00:01.22||||
138|135|1.25|1970-01-01 00:00:01.23||||
136|139|50.0|1970-01-01 00:00:01.1||||
140|142|10.0|1970-01-01 00:00:01.1||||
140|142|10.0|1970-01-01 00:00:01.15||||
142|143|10.0|1970-01-01 00:00:01.2||||
143|140|10.0|1970-01-01 00:00:01.3||||
143|144|10.0|1970-01-01 00:00:01.25||||
142|145|10.0|1970-01-01 00:00:01.05||||
141|146|10.0|1970-01-01 00:00:01.5||||
146|147|10.0|1970-01-01 00:00:01.6||||
141|140|10.0|1970-01-01 00:00:01||||
155|151|200.0|1970-01-01 00:00:01.1||||
156|151|250.0|1970-01-01 00:00:01.2||||
157|151|300.0|1970-01-01 00:00:01.3||||
158|151|350.0|1970-01-01 00:00:01.4||||
159|151|50.0|1970-01-01 00:00:01.05||||
155|151|150.0|1970-01-01 00:00:01.6||||
155|152|120.0|1970-01-01 00:00:01.1||||
156|152|130.0|1970-01-01 00:00:01.11||||
157|152|140.0|1970-01-01 00:00:01.12||||
158|152|150.0|1970-01-01 00:00:01.13||||
159|152|160.0|1970-01-01 00:00:01.14||||
155|153|500.0|1970-01-01 00:00:01.1||||
156|153|500.0|1970-01-01 00:00:01.2||||
157|153|500.0|1970-01-01 00:00:01.3||||
166|165|100.0|1970-01-01 00:00:01.1||||
166|165|200.0|1970-01-01 00:00:01.2||||
167|165|50.0|1970-01-01 00:00:01.3||||
168|165|400.0|1970-01-01 00:00:02.5||||
165|169|150.0|1970-01-01 00:00:01.4||||
165|170|120.0|1970-01-01 00:00:01.5||||
165|170|30.0|1970-01-01 00:00:01.45||||
166|171|100.0|1970-01-01 00:00:01.1||||
199|175|1000.0|1970-01-01 00:00:01.05||||
175|177|800.0|1970-01-01 00:00:01.2||||
175|178|400.0|1970-01-01 00:00:01.21||||
177|180|450.0|1970-01-01 00:00:01.3||||
177|181|300.0|1970-01-01 00:00:01.31||||
180|182|300.0|1970-01-01 00:00:01.4||||
182|183|1000.0|1970-01-01 00:00:01.5||||
186|185|300.0|1970-01-01 00:00:01.4||||
187|185|200.0|1970-01-01 00:00:01.41||||
188|185|500.0|1970-01-01 00:00:02.5||||
185|188|800.0|1970-01-01 00:00:01.5||||
185|189|30.0|1970-01-01 00:00:01.51||||
190|192|100.5|1970-01-01 00:00:01.1||||
190|192|200.0|1970-01-01 00:00:01.2||||
191|193|50.0|1970-01-01 00:00:01.3||||
190|194|1000.0|1970-01-01 00:00:01.25||||
191|192|70.0|1970-01-01 00:00:02.1||||
122|195|10.0|1970-01-01 00:00:01.1||||
125|196|10.0|1970-01-01 00:00:02.5||||
128|197|10.0|1970-01-01 00:00:01.3||||
125|195|10.0|1970-01-01 00:00:01.4||||
128|198|10.0|1970-01-01 00:00:01.3||||
122|120|10.0|1970-01-01 00:00:01.55||||
