loanId|accountId|amount|createTime
201|122|5000.0|1970-01-01 00:00:01.1
202|122|9000.0|1970-01-01 00:00:00.9
203|123|1500.0|1970-01-01 00:00:01.5
203|123|1500.25|1970-01-01 00:00:01.6
204|124|4000.0|1970-01-01 00:00:01.5
205|128|7000.0|1970-01-01 00:00:01.5
206|126|1000.0|1970-01-01 00:00:01.5
207|125|2500.0|1970-01-01 00:00:01.15
208|125|2500.0|1970-01-01 00:00:01.16
210|175|10000.0|1970-01-01 00:00:01.1
210|176|10000.0|1970-01-01 00:00:00.9
211|185|1000.0|1970-01-01 00:00:01.1
211|185|40.0|1970-01-01 00:00:01.2
