CommentId|PostId
20001|10030
20002|10002
20003|10031
20004|10004
20005|10008
20006|10038
20007|10018
20008|10006
20009|10019
20010|10034
20011|10017
20012|10038
20013|10038
20014|10028
20015|10036
20016|10019
20017|10022
20018|10006
20019|10003
20021|10039
20023|10032
20024|10029
20025|10032
20026|10012
20027|10039
20028|10007
20029|10030
20030|10010
20033|10005
20035|10031
20036|10001
20041|10015
20043|10020
20044|10016
20045|10021
20046|10021
20047|10009
20049|10010
20051|10003
20052|10006
20053|10015
20056|10027
20057|10018
20058|10018
20062|10032
20063|10039
20064|10008
20066|10030
20068|10023
20070|10019
20075|10034
20076|10016
20083|10011
20086|10022
20089|10028
20091|10057
20092|10057
20094|10058
20095|10059
