CommentId|TagId
20002|108
20003|106
20005|101
20006|106
20007|103
20007|106
20008|102
20008|101
20008|110
20009|105
20010|105
20010|107
20011|105
20012|102
20012|103
20012|106
20013|103
20014|103
20015|108
20015|104
20017|106
20017|105
20019|105
20019|108
20020|104
20020|106
20022|103
20023|105
20023|101
20023|109
20024|105
20024|106
20025|101
20026|107
20028|110
20028|102
20030|110
20030|103
20031|103
20032|107
20032|105
20035|103
20035|101
20036|104
20036|101
20037|108
20037|103
20039|101
20040|105
20040|103
20042|110
20042|105
20043|110
20044|108
20046|108
20047|101
20047|110
20049|110
20049|106
20049|103
20050|110
20051|102
20053|108
20054|107
20055|108
20055|105
20057|101
20057|103
20059|105
20060|103
20060|105
20060|106
20061|108
20061|107
20063|105
20063|101
20065|108
20066|109
20066|105
20067|110
20068|107
20068|108
20069|103
20069|108
20070|110
20071|104
20071|101
20071|110
20072|106
20073|103
20074|108
20075|105
20076|104
20076|105
20077|105
20078|106
20078|105
20079|103
20079|108
20080|101
20081|104
20082|103
20083|110
20083|103
20084|108
20084|105
20084|107
20085|105
20085|110
20087|103
20088|101
20088|103
20089|105
20089|103
20089|101
20090|101
20091|108
20092|108
20093|108
20094|108
20095|108
