id|creationDate|content|length
20001|2012-02-05T14:58:32.000+00:00|ok_ok_great_news_today_song_song_song_great_news_news_the_ok_thanks_ok_news_ok_about_thanks_ok_song_and_music_and_about_music_music_about_the_great_news_great_news_about_today_about_music_music_song_song_news_about_ok_news|222
20002|2011-01-04T12:11:59.000+00:00|music_music_ok_ok_great_today_thanks_thanks_ok_great_thanks_today_about_ok_great_the_today_the_music_ok_about_today_ok_and_today_the_news_about_toda|148
20003|2012-12-29T07:12:14.000+00:00|ok_song_song_news_today_music_the_music_today_today_ok_ok_ok_great_mu|69
20004|2012-09-20T22:44:55.000+00:00|thanks_ok_tha|13
20005|2012-05-03T21:39:16.000+00:00|thanks_song_news_song_thanks_about_news_the_today_thanks_and_news_great_and_music_great_about_and_about_about_today_the_abou|124
20006|2012-06-05T10:48:51.000+00:00|music_music_great_ok_about_thanks_great_song_and_thanks_song_about_great_music_song_the_news_great_about_song_today|115
20007|2012-10-31T22:09:46.000+00:00|music_thanks_ok_the_and_and_ok_music_ok_thanks_today_about_the_thanks_the_thanks_ok_today_thanks_song_great_today_news_the_today_today_thanks_news_song_news_news_thanks_thanks_mus|179
20008|2012-08-05T21:25:38.000+00:00|today_thanks_and_today_ok_the_news_ok_thanks_ok_thanks_the_|59
20009|2012-11-16T07:03:52.000+00:00|the_ok_song_great_ok_song_t|27
20010|2012-03-15T22:12:58.000+00:00|ok_great_the_song_and_about_news_thanks_about_ok_and_today_music_the_mus|72
20011|2011-03-21T19:48:30.000+00:00|music_thanks_and_ok_about_today_song_ok_news_ok_and_and_ok_today_song_about_about_great_and_ok_song_news_song_song_today_song_today_about_song_news_thanks_thanks|161
20012|2012-06-05T20:46:51.000+00:00|great_great_news_music_the_thanks_music_news_today_about_about_and_music_the_about_thanks_about_the_great_music_about_great_ok_news_music_the_today_great_news_thanks_music_about_the_thanks_today_thanks_music_great_news_thanks_|226
20013|2012-06-18T09:34:51.000+00:00|thanks_song_|12
20014|2011-12-13T06:05:57.000+00:00|and_thanks_ok_thanks_great_ok_ok_and_about_song_about_music_and_news_great_great_ok_music_the_thanks_about_music_ok_and_great_thanks_great_ok_thanks_about_about_thanks_g|169
20015|2013-01-03T02:57:02.000+00:00|song_and_thanks_than|20
20016|2012-11-09T02:32:52.000+00:00|music_ok_ok_thanks_the_and_ok_today_th|38
20017|2012-12-11T02:28:27.000+00:00|thanks_ok_about|15
20018|2012-07-27T21:04:38.000+00:00|today_great_ok_and|18
20019|2012-08-22T17:44:45.000+00:00|ok_music_music_song_great_music_ok_great_and_ok_song_news_great_and_news_ok_music_ok_the_song_ok_and_great|106
20020|2012-06-15T23:36:51.000+00:00|ok_news_the_thanks_great_thanks_thanks_ok_news_ok_music_mu|58
20021|2012-11-25T13:24:06.000+00:00|about_thanks_ok_today_today_the_a|33
20022|2012-07-04T09:20:51.000+00:00|thanks_music_great_the_today_today_news_news_great_today_and_about_thanks_thanks_the_and_ok_great_the_about_song_and_music_great_the_great_news_music_music_news_ok_song_today_song_great_great_music_today_music_|210
20023|2012-03-22T11:04:37.000+00:00|ok_today_great_news_today_news_today_news_the_ok_ok_ok_today_great_ok_about_and_news_song_and_great_great_song_and_great_ok_the_thanks_song_great_about_music_thanks_news_about_today_so|184
20024|2012-10-27T16:53:05.000+00:00|ok_song_and_the_about_news_thanks_great_ok_news_thanks_great_great_and_and_today_the_music_ok_news_today_today_and_song_thanks_today_about_music_music_the_thanks_news_ok_and_today_the_news_about_great_news_the_the_thanks_news_about_song_and_the_n|246
20025|2012-03-20T01:38:37.000+00:00|great_ok_the_today_song_thanks_great_music_song_news_song_song_about_song_thanks_about_a|88
20026|2012-08-06T23:59:34.000+00:00|and_song_thanks_|16
20027|2012-11-16T03:07:06.000+00:00|thanks_music_music_and_music_today_music_ok_great_thanks_song_news_g|68
20028|2012-04-03T15:23:16.000+00:00|ne|2
20029|2012-01-26T08:07:32.000+00:00|music_song_great_ok_thanks_song_thanks_news_music_about_news_the_the_ok_about_and_great_music_today_ok_ok_ok_today_today_song_about_music_ok_ok_the_thanks_ok_thanks_song_news_music_ok_about_and_thanks_music_news_music_a|219
20030|2011-08-18T12:59:27.000+00:00|song_ok_great_thanks_great_and_great_thanks_thanks_news_thanks_news_song_ok_ok_song_the_today_about_ok_ok_today_thanks_the_song_the_great_and_thanks_thanks_today_music_thanks_and_ok_ok_ok_about_about_great_song_news_today_and_the_news_and_music_about_the|254
20031|2012-06-28T13:45:51.000+00:00|song_song_about_and_thanks_song_the_about_news_today_news_song_thanks_song_ok_song_thanks_great_today_music_about_news_about_thanks_and_ok_news_about_and_ok_|157
20032|2011-03-23T16:49:30.000+00:00|the_t|5
20033|2012-12-16T23:09:08.000+00:00|thanks_song_great_and_news_today_today_today_today_ok_music_great_great_about_today_ok_music_great_news_music_about_thanks_today_great_the_and_about_today_great_news_ok_the_today_great_today_news_music_news_a|208
20034|2013-01-18T06:12:14.000+00:00|great_song_the_song_today_thanks_news_song_today_song_song_great_ok_mus|71
20035|2012-12-20T03:50:14.000+00:00|about_thanks_news_great_thanks_so|33
20036|2011-10-05T01:48:29.000+00:00|music_news_song_great_music_and_t|33
20037|2012-07-16T20:47:51.000+00:00|today_ok_ok_today_and_and_great_about_t|39
20038|2012-02-23T01:22:32.000+00:00|thanks_thanks_great_music_ok_ok_and_today_great_news_great_music_and_thanks_and_song_the_ok_thanks_news_about_and_thanks_music_great_about_and_music_the_about_and_the_and_thanks_news_great_great_today_news_news_|211
20039|2011-10-21T12:07:29.000+00:00|today_great_song_and_today_music_the_great_music_great_ok_and_and_about_and_thanks_great_ok_about_music_music_about_thanks_the_great_news_news_news_today_thanks_today_today_about_today_thanks_|192
20040|2012-11-04T07:51:46.000+00:00|great_great_ok_the_music_and_news_great_news_and_a|50
20041|2012-03-30T10:17:58.000+00:00|about_song_great_and_thanks_|28
20042|2012-03-23T23:07:37.000+00:00|ok_today_news_today_great_thanks_today_music_ok_so|50
20043|2012-06-19T21:23:07.000+00:00|news_song_today_ok_the_and_music_ok_t|37
20044|2012-06-01T03:48:47.000+00:00|about_the_about_about_song_and_song_|36
20045|2012-05-19T18:23:11.000+00:00|song_thanks_about_thanks_about_today_ok_the_and_ab|50
20046|2012-05-19T03:27:11.000+00:00|music_ok_ok_today_and_great_about_ok_great_the_great_great_about_about_thanks_the_ok_music_music_ok_great_today_and_ok_today_t|126
20047|2012-10-26T01:15:24.000+00:00|today_about_news_ok|19
20048|2012-06-14T01:38:47.000+00:00|today_music_|12
20049|2011-08-20T12:47:27.000+00:00|music_music_great_today_the_|28
20050|2012-11-04T10:47:24.000+00:00|thanks_the_today_the_ok_news_the_ok_song_the_about_great_news_about_musi|72
20051|2012-08-16T02:34:45.000+00:00|news_and_and_the_|17
20052|2012-07-29T22:41:38.000+00:00|ok_g|4
20053|2012-03-21T11:55:58.000+00:00|the_the_song_news_today_song_thanks_ok_news_today_music_music_news_news_today_and_the_news_the_news_song_the_great_ok_tod|121
20054|2013-01-11T14:03:02.000+00:00|music_about_about_song_song_thanks_ok_ok_music_music_music_ok_ok_great_great_|77
20055|2011-03-29T18:47:30.000+00:00|ok_thanks_thanks_song_|22
20056|2012-02-07T10:35:47.000+00:00|the_thanks_news_and_about_song_and_music_the_news_news_great_music_and_|71
20057|2012-10-31T19:21:46.000+00:00|thanks_song_thanks_o|20
20058|2012-11-13T22:34:46.000+00:00|and_news_and_thanks_and_ok_and_great_ok_music_today_today_thanks_today_music_song_the_and_news_great_news_news_thanks_about_about_great_and_ok_news_news_song_today_great_and_and_and|181
20059|2013-02-03T19:29:14.000+00:00|song_song_news_song_ok_thanks_thanks_great_today_great_the_great_music_the_great_the_about_news_and_thanks_the_the_the_about_|125
20060|2011-08-25T16:56:27.000+00:00|music_about_ok_news_today_about_news_ok_ok_thanks_ok_the_ok_great_about_thanks_ok_music_about_and_news_thanks_music_music_great_the_today_music_today_news_about_thanks_song_and_song_thanks_thanks_great_news_great_|213
20061|2012-01-31T01:54:32.000+00:00|ok_today_and_about_and_m|24
20062|2012-03-26T06:44:37.000+00:00|and_and_ok_ok_great_great_and_news_thanks_news_news_the_news_and_today_news_ok_thanks_song_thanks_great_thanks_about_about_son|126
20063|2012-11-22T10:04:06.000+00:00|and_mu|6
20064|2012-05-03T01:50:16.000+00:00|thanks_thanks_today_music_great_|32
20065|2012-09-03T02:15:45.000+00:00|today_song_and_music_about_song_music_thanks_and_today_the_and_thanks_great_great_ok_news_the_and_about_news_song_thanks_the_ok_great_music_great_song_today_music_and_music_great_about_today_the_so|197
20066|2012-01-25T06:51:32.000+00:00|about_music_today_and_ok_thanks_and_music_about_thanks_ok_today_news_the_and_thanks_today_about_song_and_about_today_music_about_thanks_music_thanks_about_about_today_song_ok_today_today_music_song_ok_the_and|208
20067|2012-06-24T08:00:51.000+00:00|and_thanks_song_great_thanks_about_music_ok_music_ok_the_the_great_today_ok_music_today_news_about_and_the_news_news_about_n|124
20068|2012-09-09T10:00:00.000+00:00|ok_news|7
20069|2012-12-20T20:59:27.000+00:00|music_the_music_music_today_an|30
20070|2012-11-19T21:18:52.000+00:00|today_today_and_today_thanks_thanks_about_music_ok_about_about_th|65
20071|2012-07-02T08:39:07.000+00:00|thanks_today_and_great_music_thanks_great_about_and_great_great_great_and_news_ok_about_and_about_today_ok_the_today_ok_music_great_great_and_news_thanks_th|156
20072|2012-11-29T19:44:52.000+00:00|great_news_and_today_the_ok_|28
20073|2012-07-06T11:20:51.000+00:00|news_about_today_song_about_song_great_and_song_music_abo|57
20074|2013-01-18T06:14:02.000+00:00|today_song_the_ok_music_thanks_music_the_about_news_about_ok_ok_and_song_the_about_news_music_music_to|102
20075|2012-03-10T16:42:58.000+00:00|the_and_thanks_and_about_thanks_and_music_thanks_today_thanks_and_about_the_about_great_ok_about_music_song_about_great_great_th|128
20076|2012-06-02T16:04:47.000+00:00|song_and_the_today_today_and_song_the_news_and_news_thanks_and_music_song_ok_great_great_music_ok_and_about_news_music_ok_song_ok_ok_great_and_|143
20077|2011-04-10T02:08:30.000+00:00|ok_and_news_song_about_and_and_song_news_and_great_song_about_music_t|69
20078|2011-03-28T16:19:30.000+00:00|song_and_about_ok_thanks_news_great_music_great_ok_and_news_and_thanks_music_great_thanks_thanks_about_and_news_today_and_ok_the_the_great_ok_today_ok_about_thanks_thanks_ok_and_thanks_great_an|193
20079|2012-11-20T23:03:52.000+00:00|great_ok_|9
20080|2012-11-08T01:25:24.000+00:00|music_thanks_ok_the_news_|25
20081|2011-10-07T05:08:29.000+00:00|great_|6
20082|2012-09-21T02:15:45.000+00:00|today_the_the_and_thanks_song_about_about_news_song_and_news_song_to|68
20083|2012-12-19T09:28:09.000+00:00|song_thanks_ok_ok_great_song_song_musi|38
20084|2012-08-17T13:55:34.000+00:00|great_and_song_thanks_music_and_news_thanks_the_about_song_thanks_ok_ok_song_music_news_news_thanks_the_and_t|109
20085|2012-02-08T21:23:47.000+00:00|mu|2
20086|2012-12-07T09:51:27.000+00:00|news_and_thanks_and_music_the_the_great_ok_about_thanks_today_great_the_song_song_about_thanks_and_about_news_the_song_about_ok_today_an|136
20087|2012-09-22T13:09:45.000+00:00|about_thanks_about_music_and_thanks_and_news_about_and_ok_and_and_song_song_about_thanks_news_about_news_and_song_th|116
20088|2012-10-07T05:24:45.000+00:00|today_and_song_about_song_about|31
20089|2011-12-07T17:20:57.000+00:00|about_and_today_music_about_news_song_ok_thanks_great_song_and_music_great_the_thanks_today_great_today_song_and_music_news_ok_about_th|135
20090|2012-09-25T11:04:55.000+00:00|about_and_the_the_news_and_song_great_song_and_news_news_thanks_great_today_music_music_song_the_the_and_the_thanks_thanks_great_news_great_song_and_ok_thanks_and_song_today_about_thanks_today_ok|195
20091|2012-07-02T12:00:00.000+00:00|and_and_music_ok_about_about_today_song_son|43
20092|2012-07-02T15:00:00.000+00:00|ok_great_song_music_great_thanks_thanks_the_great_thanks_today_news_ok_the_music_great_great_the_music_today_today_about_thanks_ok_about_great_thanks_about_and_today_today_about_today_music_and_the_news_an|205
20093|2012-07-02T16:00:00.000+00:00|thanks_than|11
20094|2012-07-03T03:00:00.000+00:00|the_great_thanks_about|22
20095|2012-07-03T12:00:00.000+00:00|the_thanks_news_great_today_song_thanks_music_n|47
