CommentId|PersonId
20001|16
20002|23
20003|9
20004|1
20005|18
20006|22
20007|14
20008|1
20009|14
20010|23
20011|17
20012|11
20013|22
20014|20
20015|2
20016|18
20017|23
20018|6
20019|6
20020|18
20021|6
20022|21
20023|21
20024|15
20025|18
20026|2
20027|17
20028|15
20029|12
20030|2
20031|8
20032|18
20033|9
20034|19
20035|22
20036|3
20037|1
20038|5
20039|22
20040|10
20041|4
20042|24
20043|3
20044|11
20045|16
20046|8
20047|12
20048|1
20049|11
20050|22
20051|9
20052|22
20053|16
20054|21
20055|11
20056|12
20057|1
20058|4
20059|13
20060|8
20061|23
20062|18
20063|6
20064|9
20065|18
20066|24
20067|7
20068|10
20069|9
20070|23
20071|7
20072|24
20073|13
20074|2
20075|9
20076|9
20077|3
20078|2
20079|24
20080|18
20081|9
20082|10
20083|14
20084|19
20085|13
20086|2
20087|1
20088|20
20089|17
20090|12
20091|5
20092|6
20093|9
20094|6
20095|5
