ForumId|PostId
304|10001
308|10002
303|10003
305|10004
302|10005
302|10006
303|10007
302|10008
303|10009
308|10010
303|10011
303|10012
302|10013
308|10014
308|10015
307|10016
308|10017
306|10018
307|10019
304|10020
304|10021
301|10022
306|10023
308|10024
305|10025
301|10026
302|10027
308|10028
306|10029
308|10030
301|10031
308|10032
304|10033
307|10034
304|10035
301|10036
303|10037
307|10038
308|10039
305|10040
301|10041
301|10042
302|10043
302|10044
302|10045
303|10046
303|10047
304|10048
304|10049
304|10050
305|10051
306|10052
306|10053
306|10054
302|10055
309|10056
310|10057
310|10058
310|10059
