ForumId|PersonId|creationDate
301|3|2012-05-29T12:34:32.000+00:00
301|7|2012-06-05T21:51:56.000+00:00
301|13|2012-05-18T19:27:50.000+00:00
301|18|2012-08-18T06:09:46.000+00:00
302|1|2012-03-31T23:13:40.000+00:00
302|2|2012-07-16T19:34:07.000+00:00
302|5|2012-01-29T06:29:03.000+00:00
302|8|2012-05-01T23:01:31.000+00:00
302|10|2012-04-24T10:00:06.000+00:00
302|12|2012-03-21T15:37:43.000+00:00
302|18|2012-06-02T00:17:01.000+00:00
302|23|2012-05-24T16:00:26.000+00:00
303|2|2012-04-27T07:50:05.000+00:00
303|3|2012-06-15T13:14:44.000+00:00
303|12|2012-06-02T21:28:50.000+00:00
303|14|2012-05-24T11:49:33.000+00:00
303|16|2012-06-22T12:37:19.000+00:00
304|3|2012-03-05T22:07:08.000+00:00
304|6|2012-02-18T02:38:22.000+00:00
304|7|2011-09-10T09:08:19.000+00:00
304|9|2012-04-15T22:04:17.000+00:00
304|10|2012-03-26T01:55:53.000+00:00
304|15|2011-10-24T15:05:15.000+00:00
304|18|2012-06-01T11:59:55.000+00:00
304|24|2012-05-18T19:03:20.000+00:00
305|1|2012-07-30T17:39:20.000+00:00
305|4|2012-07-01T15:52:26.000+00:00
305|5|2012-04-29T04:24:47.000+00:00
305|6|2012-05-21T09:59:00.000+00:00
305|9|2012-05-22T21:45:35.000+00:00
305|15|2012-07-20T19:40:49.000+00:00
305|17|2012-07-20T23:09:50.000+00:00
305|18|2012-06-10T07:35:49.000+00:00
305|23|2012-05-15T22:02:17.000+00:00
306|5|2012-07-09T21:27:55.000+00:00
306|13|2012-07-21T12:14:06.000+00:00
306|18|2012-05-29T22:53:48.000+00:00
307|12|2012-03-16T19:35:28.000+00:00
307|15|2011-09-29T04:04:57.000+00:00
307|17|2012-08-31T07:31:49.000+00:00
308|1|2011-08-14T09:04:28.000+00:00
308|5|2011-10-19T15:40:45.000+00:00
308|19|2011-05-13T23:55:07.000+00:00
308|20|2012-05-19T21:14:09.000+00:00
308|24|2011-07-07T04:52:45.000+00:00
309|4|2012-06-02T00:00:00.000+00:00
309|5|2012-06-02T00:00:00.000+00:00
309|6|2012-06-02T00:00:00.000+00:00
309|9|2012-06-02T00:00:00.000+00:00
310|10|2012-06-02T00:00:00.000+00:00
310|11|2012-06-02T00:00:00.000+00:00
310|12|2012-06-02T00:00:00.000+00:00
