PersonId|PostId|creationDate
20|10016|2012-06-07T13:19:47.000+00:00
1|10038|2012-06-08T16:17:51.000+00:00
19|10048|2012-03-19T18:00:00.000+00:00
9|10031|2012-12-10T11:33:14.000+00:00
15|10052|2012-03-25T03:00:00.000+00:00
15|10025|2012-10-08T10:51:38.000+00:00
12|10049|2012-03-06T21:00:00.000+00:00
8|10011|2012-12-21T07:59:09.000+00:00
15|10013|2012-02-16T19:35:04.000+00:00
16|10033|2012-01-19T07:53:27.000+00:00
19|10049|2012-03-14T09:00:00.000+00:00
18|10009|2012-11-11T07:57:24.000+00:00
6|10043|2012-03-09T20:00:00.000+00:00
16|10003|2012-08-14T15:51:45.000+00:00
18|10013|2012-02-16T13:35:04.000+00:00
10|10012|2012-08-04T06:24:34.000+00:00
21|10016|2012-06-03T14:19:47.000+00:00
9|10038|2012-06-06T19:17:51.000+00:00
21|10027|2012-02-10T18:31:47.000+00:00
7|10041|2012-03-18T09:00:00.000+00:00
17|10022|2012-12-02T17:56:27.000+00:00
4|10054|2012-04-17T18:00:00.000+00:00
15|10049|2012-03-08T00:00:00.000+00:00
24|10014|2012-10-31T21:28:14.000+00:00
18|10029|2012-10-20T08:53:05.000+00:00
22|10043|2012-03-24T17:00:00.000+00:00
20|10045|2012-04-12T18:00:00.000+00:00
1|10055|2012-03-21T08:00:00.000+00:00
15|10057|2012-07-04T21:00:00.000+00:00
4|10009|2012-11-01T10:57:24.000+00:00
13|10034|2012-03-18T00:16:58.000+00:00
21|10037|2012-09-06T11:59:52.000+00:00
7|10046|2012-03-16T07:00:00.000+00:00
8|10038|2012-06-16T05:17:51.000+00:00
4|10022|2012-12-01T01:56:27.000+00:00
18|10042|2012-04-11T20:00:00.000+00:00
3|10023|2012-09-22T08:16:00.000+00:00
