id|firstName|lastName|creationDate
1|Bo|Li|2010-12-29T22:01:37.000+00:00
2|Chen|Martin|2010-03-06T06:03:38.000+00:00
3|Dev|Rao|2012-02-20T01:46:10.000+00:00
4|Eva|Wang|2010-02-22T01:46:07.000+00:00
5|Fay|Dubois|2011-06-18T05:23:57.000+00:00
6|Gus|Shah|2010-06-16T15:22:47.000+00:00
7|Hai|Zhou|2011-08-11T00:31:40.000+00:00
8|Ira|Khan|2011-02-10T10:14:16.000+00:00
9|Jun|Li|2011-07-03T22:43:46.000+00:00
10|Kai|Martin|2011-10-13T00:27:52.000+00:00
11|Lea|Rao|2010-04-30T18:45:26.000+00:00
12|Ali|Wang|2011-12-16T14:05:15.000+00:00
13|Bo|Dubois|2012-04-22T11:01:20.000+00:00
14|Chen|Shah|2012-02-27T10:12:17.000+00:00
15|Dev|Zhou|2011-06-24T00:55:14.000+00:00
16|Eva|Khan|2010-07-16T12:31:00.000+00:00
17|Fay|Li|2012-05-06T13:11:24.000+00:00
18|Gus|Martin|2012-05-28T17:59:32.000+00:00
19|Hai|Rao|2010-05-23T04:22:37.000+00:00
20|Ira|Wang|2011-11-23T07:29:33.000+00:00
21|Jun|Dubois|2012-03-14T05:16:41.000+00:00
22|Kai|Shah|2011-05-29T16:29:21.000+00:00
23|Lea|Zhou|2011-03-05T15:28:21.000+00:00
24|Ali|Khan|2010-11-27T19:56:50.000+00:00
