PersonId|CommentId|creationDate
7|20028|2012-04-14T16:23:16.000+00:00
1|20070|2012-12-04T21:18:52.000+00:00
23|20053|2012-03-26T07:55:58.000+00:00
8|20054|2013-01-13T04:03:02.000+00:00
20|20009|2012-12-05T07:03:52.000+00:00
10|20041|2012-04-05T18:17:58.000+00:00
4|20061|2012-02-06T12:54:32.000+00:00
23|20049|2011-08-22T03:47:27.000+00:00
12|20046|2012-05-29T09:27:11.000+00:00
19|20026|2012-08-26T14:59:34.000+00:00
17|20086|2012-12-12T13:51:27.000+00:00
18|20014|2011-12-17T14:05:57.000+00:00
6|20068|2012-09-19T12:00:00.000+00:00
14|20009|2012-11-16T14:03:52.000+00:00
14|20065|2012-09-13T20:15:45.000+00:00
19|20049|2011-09-04T09:47:27.000+00:00
8|20020|2012-07-02T04:36:51.000+00:00
8|20077|2011-04-28T04:08:30.000+00:00
10|20010|2012-03-22T13:12:58.000+00:00
9|20084|2012-08-31T09:55:34.000+00:00
5|20065|2012-09-20T17:15:45.000+00:00
2|20079|2012-11-22T09:03:52.000+00:00
20|20021|2012-11-30T23:24:06.000+00:00
11|20034|2013-01-19T15:12:14.000+00:00
22|20081|2011-10-17T16:08:29.000+00:00
4|20052|2012-08-05T10:41:38.000+00:00
22|20023|2012-03-29T21:04:37.000+00:00
20|20087|2012-10-03T05:09:45.000+00:00
6|20055|2011-04-06T04:47:30.000+00:00
12|20010|2012-04-05T09:12:58.000+00:00
2|20041|2012-04-07T00:17:58.000+00:00
6|20050|2012-11-21T05:47:24.000+00:00
23|20077|2011-04-27T00:08:30.000+00:00
5|20010|2012-03-22T19:12:58.000+00:00
7|20064|2012-05-07T06:50:16.000+00:00
21|20007|2012-11-02T14:09:46.000+00:00
7|20030|2011-09-03T12:59:27.000+00:00
6|20076|2012-06-04T06:04:47.000+00:00
2|20026|2012-08-13T17:59:34.000+00:00
18|20094|2012-07-09T16:00:00.000+00:00
3|20014|2011-12-20T18:05:57.000+00:00
20|20013|2012-07-08T17:34:51.000+00:00
18|20039|2011-10-26T18:07:29.000+00:00
8|20027|2012-11-28T20:07:06.000+00:00
19|20022|2012-07-11T17:20:51.000+00:00
3|20060|2011-09-12T14:56:27.000+00:00
23|20081|2011-10-13T19:08:29.000+00:00
22|20024|2012-10-31T07:53:05.000+00:00
22|20029|2012-01-28T14:07:32.000+00:00
12|20012|2012-06-15T17:46:51.000+00:00
5|20040|2012-11-10T14:51:46.000+00:00
20|20037|2012-07-23T13:47:51.000+00:00
10|20039|2011-11-09T09:07:29.000+00:00
5|20056|2012-02-09T00:35:47.000+00:00
21|20090|2012-10-07T01:04:55.000+00:00
5|20091|2012-07-12T04:00:00.000+00:00
18|20042|2012-04-02T06:07:37.000+00:00
17|20023|2012-04-05T00:04:37.000+00:00
1|20082|2012-10-01T06:15:45.000+00:00
17|20088|2012-10-13T17:24:45.000+00:00
15|20047|2012-11-12T01:15:24.000+00:00
19|20009|2012-11-21T08:03:52.000+00:00
10|20083|2013-01-07T08:28:09.000+00:00
1|20067|2012-07-11T09:00:51.000+00:00
23|20030|2011-08-22T12:59:27.000+00:00
11|20070|2012-11-24T22:18:52.000+00:00
1|20081|2011-10-20T12:08:29.000+00:00
14|20005|2012-05-09T16:39:16.000+00:00
22|20037|2012-08-01T21:47:51.000+00:00
22|20053|2012-03-24T05:55:58.000+00:00
22|20043|2012-07-08T11:23:07.000+00:00
21|20075|2012-03-16T06:42:58.000+00:00
