Person1Id|Person2Id|creationDate
1|14|2012-12-09T02:53:15.000+00:00
1|18|2012-09-10T15:24:40.000+00:00
1|19|2011-10-05T01:17:19.000+00:00
1|24|2011-02-04T18:52:02.000+00:00
2|7|2012-06-11T20:49:25.000+00:00
2|13|2012-06-11T20:53:48.000+00:00
2|19|2011-02-13T13:16:45.000+00:00
3|8|2012-04-21T20:11:13.000+00:00
3|10|2013-02-28T05:45:23.000+00:00
3|11|2012-08-17T23:59:03.000+00:00
4|21|2012-04-01T11:21:09.000+00:00
5|10|2012-07-03T07:57:20.000+00:00
5|12|2012-12-17T22:54:52.000+00:00
5|18|2013-04-22T13:34:03.000+00:00
5|23|2011-11-12T18:41:30.000+00:00
6|11|2011-07-15T03:08:45.000+00:00
6|12|2012-10-09T04:54:03.000+00:00
7|8|2011-12-04T13:07:53.000+00:00
7|9|2012-06-06T02:09:36.000+00:00
7|11|2011-10-10T07:31:30.000+00:00
7|20|2012-01-19T13:39:56.000+00:00
8|19|2011-09-21T02:53:31.000+00:00
8|20|2012-08-12T01:06:38.000+00:00
9|10|2012-08-13T05:47:27.000+00:00
9|12|2012-07-24T15:15:58.000+00:00
9|14|2012-05-19T03:43:36.000+00:00
9|16|2012-07-25T13:22:03.000+00:00
9|21|2012-03-24T02:45:45.000+00:00
9|22|2011-12-24T17:06:59.000+00:00
10|16|2012-03-10T01:20:41.000+00:00
10|21|2012-09-09T03:29:56.000+00:00
10|22|2012-09-16T14:52:22.000+00:00
12|20|2012-10-19T07:25:49.000+00:00
12|23|2012-07-27T22:30:33.000+00:00
13|20|2012-07-20T00:29:01.000+00:00
13|21|2012-06-03T00:29:14.000+00:00
15|21|2012-07-30T16:40:55.000+00:00
17|18|2013-02-05T07:26:10.000+00:00
17|23|2012-10-14T17:51:03.000+00:00
18|23|2013-04-04T15:48:03.000+00:00
2|8|2011-05-02T00:00:00.000+00:00
2|14|2012-11-01T00:00:00.000+00:00
5|20|2012-07-01T00:00:00.000+00:00
5|21|2012-07-01T00:00:00.000+00:00
5|22|2012-07-01T00:00:00.000+00:00
6|20|2012-07-01T00:00:00.000+00:00
6|21|2012-07-01T00:00:00.000+00:00
7|13|2012-04-22T11:01:20.000+00:00
7|19|2011-08-11T00:31:40.000+00:00
8|14|2012-02-27T10:12:17.000+00:00
11|21|2012-07-01T00:00:00.000+00:00
11|22|2012-07-01T00:00:00.000+00:00
13|19|2012-04-22T11:01:20.000+00:00
