PostId|TagId
10002|102
10002|108
10002|109
10003|105
10003|101
10003|107
10004|101
10004|108
10005|101
10006|108
10006|110
10007|101
10007|102
10007|110
10009|108
10010|103
10012|106
10012|101
10012|107
10014|108
10014|105
10014|107
10015|108
10015|103
10015|110
10017|106
10017|108
10017|109
10018|106
10019|106
10019|102
10020|104
10020|110
10020|101
10021|106
10021|101
10023|109
10023|101
10023|108
10024|105
10025|110
10025|109
10025|107
10027|103
10027|104
10027|101
10028|101
10028|110
10031|101
10031|108
10032|109
10033|105
10034|110
10034|105
10035|108
10035|102
10037|109
10038|106
10039|108
10039|105
10039|106
10040|101
10041|110
10042|102
10043|110
10044|110
10045|102
10046|110
10047|102
10048|110
10049|110
10050|102
10051|110
10052|110
10053|110
10054|102
10055|110
10056|108
10057|108
10058|108
10059|108
