id|creationDate|content|length|language
10001|2011-09-27T08:14:29.000+00:00|music_today_ok_news_about_the_and_about_music_song_the_today_today_ok_today_thanks_news_|88|hu
10002|2010-12-26T22:54:59.000+00:00|song_the_great_great_and_the_news_today_the_music_ok_thanks_song_ok_news_and_song_the_thanks_news_music|103|en
10003|2012-08-10T22:51:45.000+00:00||0|zh
10004|2012-09-05T05:04:55.000+00:00|great_about_about_today_and_and_about_song_song_music_news_news_great_song_the_thanks_thanks_the_about_and_news_today_about_about_great_and_m|141|ar
10005|2012-12-01T21:39:08.000+00:00|and_to|6|en
10006|2012-07-25T09:32:38.000+00:00||0|zh
10007|2012-03-24T11:27:16.000+00:00|great_ok_about_o|16|ar
10008|2012-04-21T21:55:16.000+00:00|thanks_and_thanks_about_news_song_music_music_the_the_t|55|zh
10009|2012-10-24T15:57:24.000+00:00|song_a|6|zh
10010|2011-08-10T21:49:27.000+00:00||0|hu
10011|2012-12-02T13:59:09.000+00:00|and_today_and_g|15|zh
10012|2012-08-03T02:24:34.000+00:00|thanks_music_thanks_song_thanks_thanks_music_great_about_song_music_about_and_music_the_today_news_thanks_and_ok_song_music_thanks_great_today_about_today_news_a|161|ar
10013|2012-02-15T15:35:04.000+00:00|great_music_the_thanks_and_about_the_news_news_great_thanks_music_tod|69|ar
10014|2012-10-15T05:28:14.000+00:00|today_song_|11|hu
10015|2012-03-20T15:13:58.000+00:00||0|en
10016|2012-05-23T01:19:47.000+00:00|today_news_today_and_ok_about_today_t|37|ar
10017|2011-03-06T23:26:30.000+00:00||0|zh
10018|2012-10-26T15:10:46.000+00:00|about_the_news_song_news_news_news_news_ok_thanks_song_news_thanks_the_song_great_today_and_music_music_song_the_news_about_song_great_thanks_about_great_the_about_and_about_and_about_thanks_song_about_music_about_news_great_the_today_news_thanks_to|249|hu
10019|2012-10-30T23:07:52.000+00:00||0|hu
10020|2012-06-11T09:44:07.000+00:00|ok_song_music_today_and_the_today_about_today_today_great_|58|hu
10021|2012-05-15T05:44:11.000+00:00|music_news_news_song_and_great_song_great_music_today_music_and_news_great_about_and_today_and_song_the_about_news_great_great_great_news_thanks_ok_and_ok_news_ok_the_thanks_and_and_great_news_the_today_about_song_today_today_today_thanks_music_ok_music_tod|257|hu
10022|2012-11-26T08:56:27.000+00:00|music_and_ok_thanks_music_about_and_today_news_the_the_ok_thanks_thanks|71|ar
10023|2012-09-08T06:16:00.000+00:00||0|en
10024|2012-08-30T16:51:00.000+00:00|ok_news_song_the_about_thanks_today_t|37|hu
10025|2012-10-04T04:51:38.000+00:00|today_great_thanks_thanks_great_thanks_thanks_the_great_about_the_the_music_music_song_song_great_thanks_ok|107|zh
10026|2012-11-20T23:57:52.000+00:00|the_and_music_ok_music_about_today_|35|zh
10027|2012-01-30T14:31:47.000+00:00|thanks_today_and_song_great_great_great_today_music_thanks_great_great_about_m|78|hu
10028|2011-12-03T18:06:57.000+00:00|about_thanks_great_|19|en
10029|2012-10-11T16:53:05.000+00:00|about_music_the_new|19|en
10030|2012-01-24T14:42:32.000+00:00|and_ok_about_and_|17|en
10031|2012-12-09T16:33:14.000+00:00|and_ok_and_today_song_great_music_the_ok_music_great_and_thanks_ok_today_music_news_today_today_news_ok_song_and_thanks_music_music_the_song_music_great_song_great_great_news_today_the_news_music_news_and_song_great_news_thanks_the_great_great|243|ar
10032|2012-03-15T04:36:37.000+00:00|the|3|hu
10033|2012-01-18T05:53:27.000+00:00||0|en
10034|2012-03-04T23:16:58.000+00:00|about_about_the_and_ok_ok_and_ok_about_thanks_ok_and_thanks_the_and_today_song|78|hu
10035|2011-10-05T17:13:30.000+00:00||0|ar
10036|2012-12-18T17:45:02.000+00:00|and_song_to|11|zh
10037|2012-08-24T08:59:52.000+00:00|about_today_the_tod|19|hu
10038|2012-06-03T08:17:51.000+00:00|great_today_music_song_news_thanks_song_about_news|50|en
10039|2012-11-07T17:28:06.000+00:00|and_thanks_today_and_today_ab|29|hu
10040|2012-06-18T04:12:22.000+00:00|thanks_the_song_and_music_the_music_today_thanks_song_song_song_great_about_song_news_music_thanks_about_song_the_abo|117|hu
10041|2012-03-05T02:00:00.000+00:00|thanks_song_about_music_and_ok_great_|37|hu
10042|2012-04-10T01:00:00.000+00:00|song_song_thanks_and_and_about_news_and_the_and_the_thanks_ok_and_thanks_the_about_ok_ok_great_today_thanks_thanks_the_great_thanks_ok_great_great_the_and_and_great_about_and_thanks_song_news_music_music_thanks_ok_music_ok_news_grea|232|en
10043|2012-03-05T05:00:00.000+00:00|music_and_song_new|18|ar
10044|2012-03-05T06:00:00.000+00:00|ok_thanks_news_news_thanks_gr|29|hu
10045|2012-04-10T03:00:00.000+00:00|today_news_and_ok_thanks_song_today_the_today_great_about_great_and_today_today_thanks_today_today_ok_song_the_about_thanks_the_thanks_the_ok_song_ok_about_ok_and_the_news_great_today_today_today|195|en
10046|2012-03-05T08:00:00.000+00:00|news_today_thanks_great_the_about_ok_ok_about_song|50|hu
10047|2012-04-10T05:00:00.000+00:00|the_ok_the_music_song_news_music_music_the_mu|45|zh
10048|2012-03-05T11:00:00.000+00:00|great_and_news_great_ok_ok_ok_n|31|hu
10049|2012-03-05T12:00:00.000+00:00|and_about_great_ok_today_great_today_the_news_song_news_great_today_thanks_thanks_music_today_the_thanks_news_news_great_today_great_thanks_song_great_great_ok_news_ok_the_news_thanks_music_ok_song_news_music_music_|215|en
10050|2012-04-10T07:00:00.000+00:00|and_and_ok_ok_great_the_great_thanks_music_news_the_the_ok_thanks_about_and|75|en
10051|2012-03-05T14:00:00.000+00:00|today_news_ok_song_thanks_song_music_music_great_about_the_a|60|ar
10052|2012-03-05T17:00:00.000+00:00|and_music_music_great_about_thanks_great_ok_ok_song_and_news_today_song_the_t|77|ar
10053|2012-03-05T18:00:00.000+00:00|thanks_news_song_today_about_|29|zh
10054|2012-04-10T11:00:00.000+00:00|great_song_the_the_thanks_and_and_about_today_music_great_thanks_news_great_son|79|en
10055|2012-03-06T01:00:00.000+00:00|ok_the_song_great_news_about_thanks_about_news_song_music_the_ok_mus|68|ar
10056|2012-07-01T10:00:00.000+00:00|about_ok_today_ok_thanks_song_ok_the_|37|hu
10057|2012-07-02T09:00:00.000+00:00|and_great_about_news_thanks_today_|34|hu
10058|2012-07-03T02:00:00.000+00:00|the_thanks_thanks_great_the_great_ok_thanks_great_today_about_music_and_the_today_thanks_ok_today_ok_music_thanks_the_news_thanks_great_great_thanks_thanks_song_thanks_song_news_the_news_today_|193|zh
10059|2012-07-01T12:00:00.000+00:00|news_news_song_ok_about_about_great_music_and_than|50|hu
