PostId|PersonId
10001|15
10002|19
10003|3
10004|23
10005|23
10006|2
10007|12
10008|23
10009|16
10010|5
10011|12
10012|12
10013|1
10014|19
10015|1
10016|12
10017|24
10018|18
10019|17
10020|24
10021|10
10022|18
10023|13
10024|20
10025|18
10026|18
10027|1
10028|1
10029|5
10030|20
10031|13
10032|5
10033|15
10034|15
10035|6
10036|7
10037|14
10038|12
10039|1
10040|9
10041|1
10042|1
10043|7
10044|7
10045|7
10046|13
10047|13
10048|19
10049|19
10050|19
10051|2
10052|8
10053|8
10054|8
10055|14
10056|3
10057|4
10058|6
10059|9
